Time,Contract,Qty,Side,Filled/Remaining,Exec.Price,Order Price,Stop Price,Order Value,Trading Fees,Cashflow,Realised P&L,Order Type,Status,Explanation,Client Order ID,Order ID
2026-09-04 18:20:10.333377+05:30 IST Asia/Kolkata,BTCUSD,10,buy,10.00000000/0.00000000,79496.00000000,83427.50000000,,794.96000000,0.4690264,0,0,market_order,closed,,,1516998369
2026-09-04 18:01:14.461650+05:30 IST Asia/Kolkata,BTCUSD,48,sell,0.00000000/48.00000000,,,82279.50000000,,0,,,market_order,cancelled,position_closed,,1516014869
2026-09-04 18:01:14.369775+05:30 IST Asia/Kolkata,BTCUSD,48,sell,48.00000000/0.00000000,80205.50000000,76399.00000000,80199.50000000,3849.86400000,2.27141976,-31.608,-31.608,market_order,closed,,,1515255855
2026-09-03 22:06:52.616087+05:30 IST Asia/Kolkata,BTCUSD,48,sell,0.00000000/48.00000000,,,80287.00000000,,0,,,market_order,cancelled,cancelled_by_user,,1515247104
2026-09-03 22:01:24.056590+05:30 IST Asia/Kolkata,BTCUSD,48,buy,48.00000000/0.00000000,80864.00000000,84929.50000000,,3881.47200000,2.29006848,0,0,market_order,closed,,,1515239955
2026-09-03 19:58:05.128429+05:30 IST Asia/Kolkata,C-BTC-84000-040926,68,buy,68.00000000/0.00000000,33.00000000,456.60000000,,0.06800000,0.0926772,-2.244,-1.632,market_order,closed,,,1514725221
2026-09-03 19:58:04.462352+05:30 IST Asia/Kolkata,C-BTC-84000-040926,68,buy,0.00000000/68.00000000,,29.00000000,,0.06800000,0,,,limit_order,cancelled,cancelled_by_user,,1514725035
2026-09-03 19:19:47.684492+05:30 IST Asia/Kolkata,C-BTC-84000-040926,68,sell,68.00000000/0.00000000,9.00000000,0.10000000,,0.06800000,0.0252756,0.612,-0,market_order,closed,,,1514603924
2026-09-03 19:19:46.922262+05:30 IST Asia/Kolkata,C-BTC-84000-040926,68,sell,0.00000000/68.00000000,,10.00000000,,0.06800000,0,,,limit_order,cancelled,cancelled_by_user,,1514603821
2026-09-03 19:16:42.845567+05:30 IST Asia/Kolkata,P-BTC-74500-040926,58,buy,58.00000000/0.00000000,7.00000000,203.90000000,,0.05800000,0.0167678,-0.406,0.1276,market_order,closed,,,1514593483
2026-09-03 19:16:42.227031+05:30 IST Asia/Kolkata,P-BTC-74500-040926,58,buy,0.00000000/58.00000000,,5.30000000,,0.05800000,0,,,limit_order,cancelled,cancelled_by_user,,1514593349
2026-09-03 19:15:24.488836+05:30 IST Asia/Kolkata,C-BTC-83000-040926,68,buy,68.00000000/0.00000000,34.00000000,448.90000000,,0.06800000,0.0954856,-2.312,-1.632,market_order,closed,,,1514588472
2026-09-03 19:15:23.877916+05:30 IST Asia/Kolkata,C-BTC-83000-040926,68,buy,0.00000000/68.00000000,,30.10000000,,0.06800000,0,,,limit_order,cancelled,cancelled_by_user,,1514588296
2026-09-03 18:24:23.225206+05:30 IST Asia/Kolkata,P-BTC-74500-040926,58,sell,58.00000000/0.00000000,9.20000000,0.10000000,,0.05800000,0.02203768,0.5336,-0,market_order,closed,,,1514451897
2026-09-03 18:24:22.468527+05:30 IST Asia/Kolkata,P-BTC-74500-040926,58,sell,0.00000000/58.00000000,,11.00000000,,0.05800000,0,,,limit_order,cancelled,cancelled_by_user,,1514451737
2026-09-03 18:19:57.692045+05:30 IST Asia/Kolkata,C-BTC-83000-040926,68,sell,68.00000000/0.00000000,10.00000000,0.10000000,,0.06800000,0.028084,0.68,-0,market_order,closed,,,1514439014
2026-09-03 18:19:56.940035+05:30 IST Asia/Kolkata,C-BTC-83000-040926,68,sell,0.00000000/68.00000000,,11.90000000,,0.06800000,0,,,limit_order,cancelled,cancelled_by_user,,1514438922
2026-09-02 08:31:41.139507+05:30 IST Asia/Kolkata,P-BTC-76000-020926,40,buy,40.00000000/0.00000000,17.00000000,238.00000000,,0.04000000,0.028084,-0.68,1.32,market_order,closed,,,1511199662
2026-09-02 08:31:40.590678+05:30 IST Asia/Kolkata,P-BTC-76000-020926,40,buy,0.00000000/40.00000000,,17.10000000,,0.04000000,0,,,limit_order,cancelled,immediate_execution_post_only,,1511199640
2026-09-01 23:58:16.075677+05:30 IST Asia/Kolkata,C-BTC-79200-020926,39,buy,39.00000000/0.00000000,12.00000000,233.00000000,,0.03900000,0.0193284,-0.468,1.482,market_order,closed,,,1510739320
2026-09-01 23:58:15.249719+05:30 IST Asia/Kolkata,C-BTC-79200-020926,39,buy,0.00000000/39.00000000,,13.10000000,,0.03900000,0,,,limit_order,cancelled,cancelled_by_user,,1510738918
2026-09-01 22:00:10.748610+05:30 IST Asia/Kolkata,P-BTC-76000-020926,40,sell,40.00000000/0.00000000,50.00000000,0.10000000,,0.04000000,0.0826,2,-0,market_order,closed,,,1510479412
2026-09-01 22:00:09.992335+05:30 IST Asia/Kolkata,P-BTC-76000-020926,40,sell,0.00000000/40.00000000,,51.00000000,,0.04000000,0,,,limit_order,cancelled,cancelled_by_user,,1510479271
2026-09-01 22:00:07.227830+05:30 IST Asia/Kolkata,C-BTC-79200-020926,39,sell,39.00000000/0.00000000,50.00000000,0.10000000,,0.03900000,0.080535,1.95,-0,market_order,closed,,,1510479137
2026-09-01 22:00:06.458061+05:30 IST Asia/Kolkata,C-BTC-79200-020926,39,sell,0.00000000/39.00000000,,53.00000000,,0.03900000,0,,,limit_order,cancelled,cancelled_by_user,,1510478927
2026-08-29 15:51:53.382280+05:30 IST Asia/Kolkata,P-ETH-2400-290826,2,buy,2.000000000000000000/0.000000000000000000,0.06000000,4.88000000,,0.020000000000000000,0.00004956,-0.0012,0.000925,market_order,closed,,,1504454062
2026-08-29 15:51:52.758091+05:30 IST Asia/Kolkata,P-ETH-2400-290826,2,buy,0.000000000000000000/2.000000000000000000,,0.04000000,,0.020000000000000000,0,,,limit_order,cancelled,cancelled_by_user,,1504453997
2026-08-29 15:51:50.585881+05:30 IST Asia/Kolkata,P-BTC-77200-290826,2,buy,2.00000000/0.00000000,1.30000000,287.40000000,,0.00200000,0.00010738,-0.0026,0.0058,market_order,closed,,,1504453972
2026-08-29 15:51:49.959307+05:30 IST Asia/Kolkata,P-BTC-77200-290826,2,buy,0.00000000/2.00000000,,1.00000000,,0.00200000,0,,,limit_order,cancelled,cancelled_by_user,,1504453918
2026-08-29 15:51:47.747184+05:30 IST Asia/Kolkata,P-BTC-76800-290826,5,buy,5.00000000/0.00000000,2.00000000,156.00000000,,0.00500000,0.000413,-0.01,0.0163,market_order,closed,,,1504453903
2026-08-29 15:51:47.130139+05:30 IST Asia/Kolkata,P-BTC-76800-290826,5,buy,0.00000000/5.00000000,,0.40000000,,0.00500000,0,,,limit_order,cancelled,cancelled_by_user,,1504453847
2026-08-29 15:41:04.148910+05:30 IST Asia/Kolkata,P-ETH-2400-290826,6,buy,6.000000000000000000/0.000000000000000000,0.77000000,4.87000000,,0.060000000000000000,0.00190806,-0.0462,-0.039825,market_order,closed,,,1504442152
2026-08-29 15:41:03.531085+05:30 IST Asia/Kolkata,P-ETH-2400-290826,6,buy,0.000000000000000000/6.000000000000000000,,0.07000000,,0.060000000000000000,0,,,limit_order,cancelled,cancelled_by_user,,1504442073
2026-08-29 15:10:48.028601+05:30 IST Asia/Kolkata,C-BTC-78000-290826,2,buy,2.00000000/0.00000000,17.00000000,1423.90000000,,0.00200000,0.0014042,-0.034,-0.0242,market_order,closed,,,1504410097
2026-08-29 15:10:47.235617+05:30 IST Asia/Kolkata,C-BTC-78000-290826,2,buy,0.00000000/2.00000000,,15.10000000,,0.00200000,0,,,limit_order,cancelled,cancelled_by_user,,1504409996
2026-08-29 15:00:36.018868+05:30 IST Asia/Kolkata,C-ETH-2450-290826,6,buy,6.000000000000000000/0.000000000000000000,0.60000000,23.46000000,,0.060000000000000000,0.0014868,-0.036,-0.0015,market_order,closed,,,1504399999
2026-08-29 15:00:35.405152+05:30 IST Asia/Kolkata,C-ETH-2450-290826,6,buy,0.000000000000000000/6.000000000000000000,,0.46000000,,0.060000000000000000,0,,,limit_order,cancelled,cancelled_by_user,,1504399921
2026-08-29 15:00:21.386580+05:30 IST Asia/Kolkata,P-ETH-2400-290826,3,sell,3.000000000000000000/0.000000000000000000,0.07000000,0.01000000,,0.030000000000000000,0.00008673,0.0021,0,market_order,closed,,,1504399653
2026-08-29 15:00:20.692132+05:30 IST Asia/Kolkata,P-ETH-2400-290826,3,sell,0.000000000000000000/3.000000000000000000,,0.12000000,,0.030000000000000000,0,,,limit_order,cancelled,cancelled_by_user,,1504399596
2026-08-29 15:00:17.200367+05:30 IST Asia/Kolkata,C-ETH-2450-290826,3,sell,3.000000000000000000/0.000000000000000000,0.46000000,0.01000000,,0.030000000000000000,0.00056994,0.0138,0,market_order,closed,,,1504399525
2026-08-29 15:00:16.414945+05:30 IST Asia/Kolkata,C-ETH-2450-290826,3,sell,0.000000000000000000/3.000000000000000000,,0.60000000,,0.030000000000000000,0,,,limit_order,cancelled,cancelled_by_user,,1504399450
2026-08-29 15:00:13.712127+05:30 IST Asia/Kolkata,P-BTC-77200-290826,2,sell,2.00000000/0.00000000,4.20000000,0.10000000,,0.00200000,0.00034692,0.0084,-0,market_order,closed,,,1504399395
2026-08-29 15:00:12.942976+05:30 IST Asia/Kolkata,P-BTC-77200-290826,2,sell,0.00000000/2.00000000,,4.90000000,,0.00200000,0,,,limit_order,cancelled,cancelled_by_user,,1504399325
2026-08-29 15:00:10.041979+05:30 IST Asia/Kolkata,C-BTC-78000-290826,2,sell,2.00000000/0.00000000,4.90000000,0.10000000,,0.00200000,0.00040474,0.0098,-0,market_order,closed,,,1504399258
2026-08-29 15:00:09.297937+05:30 IST Asia/Kolkata,C-BTC-78000-290826,2,sell,0.00000000/2.00000000,,6.70000000,,0.00200000,0,,,limit_order,cancelled,cancelled_by_user,,1504399198
2026-08-29 14:03:26.534946+05:30 IST Asia/Kolkata,C-BTC-78200-290826,2,buy,2.00000000/0.00000000,2.80000000,191.40000000,,0.00200000,0.00023128,-0.0056,0.002,market_order,closed,,,1504350787
2026-08-29 14:03:25.689858+05:30 IST Asia/Kolkata,C-BTC-78200-290826,2,buy,0.00000000/2.00000000,,1.60000000,,0.00200000,0,,,limit_order,cancelled,cancelled_by_user,,1504350701
2026-08-29 14:01:45.580806+05:30 IST Asia/Kolkata,C-BTC-78400-290826,3,buy,3.00000000/0.00000000,1.20000000,1.20000000,,0.00300000,0.00014868,-0.0036,0.0024,limit_order,closed,,,1504348976
2026-08-29 14:00:17.553074+05:30 IST Asia/Kolkata,P-ETH-2400-290826,3,sell,3.000000000000000000/0.000000000000000000,0.08000000,0.01000000,,0.030000000000000000,0.00009912,0.0024,0,market_order,closed,,,1504347715
2026-08-29 14:00:16.812232+05:30 IST Asia/Kolkata,P-ETH-2400-290826,3,sell,0.000000000000000000/3.000000000000000000,,0.25000000,,0.030000000000000000,0,,,limit_order,cancelled,cancelled_by_user,,1504347655
2026-08-29 14:00:13.590335+05:30 IST Asia/Kolkata,C-ETH-2450-290826,3,sell,3.000000000000000000/0.000000000000000000,0.69000000,0.01000000,,0.030000000000000000,0.00085491,0.0207,-0,market_order,closed,,,1504347607
2026-08-29 14:00:12.803130+05:30 IST Asia/Kolkata,C-ETH-2450-290826,3,sell,0.000000000000000000/3.000000000000000000,,0.94000000,,0.030000000000000000,0,,,limit_order,cancelled,cancelled_by_user,,1504347539
2026-08-29 13:30:15.357424+05:30 IST Asia/Kolkata,P-BTC-76800-290826,3,sell,3.00000000/0.00000000,4.10000000,0.10000000,,0.00300000,0.00050799,0.0123,0,market_order,closed,,,1504318584
2026-08-29 13:30:14.565558+05:30 IST Asia/Kolkata,P-BTC-76800-290826,3,sell,0.00000000/3.00000000,,5.00000000,,0.00300000,0,,,limit_order,cancelled,cancelled_by_user,,1504318495
2026-08-29 13:30:11.273144+05:30 IST Asia/Kolkata,C-BTC-78400-290826,3,sell,3.00000000/0.00000000,2.00000000,0.10000000,,0.00300000,0.0002478,0.006,-0,market_order,closed,,,1504318403
2026-08-29 13:30:10.522701+05:30 IST Asia/Kolkata,C-BTC-78400-290826,3,sell,0.00000000/3.00000000,,3.00000000,,0.00300000,0,,,limit_order,cancelled,cancelled_by_user,,1504318327
2026-08-29 13:24:18.799439+05:30 IST Asia/Kolkata,C-ETH-2450-290826,2,buy,2.000000000000000000/0.000000000000000000,0.60000000,25.14000000,,0.020000000000000000,0.0004956,-0.012,-0.0002,market_order,closed,,,1504313321
2026-08-29 13:24:18.013901+05:30 IST Asia/Kolkata,C-ETH-2450-290826,2,buy,0.000000000000000000/2.000000000000000000,,0.40000000,,0.020000000000000000,0,,,limit_order,cancelled,cancelled_by_user,,1504313235
2026-08-29 13:00:24.154607+05:30 IST Asia/Kolkata,P-ETH-2400-290826,2,sell,2.000000000000000000/0.000000000000000000,0.20000000,0.01000000,,0.020000000000000000,0.0001652,0.004,-0,market_order,closed,,,1504289679
2026-08-29 13:00:23.389803+05:30 IST Asia/Kolkata,P-ETH-2400-290826,2,sell,0.000000000000000000/2.000000000000000000,,0.40000000,,0.020000000000000000,0,,,limit_order,cancelled,cancelled_by_user,,1504289620
2026-08-29 13:00:20.877000+05:30 IST Asia/Kolkata,C-ETH-2450-290826,2,sell,2.000000000000000000/0.000000000000000000,0.59000000,0.01000000,,0.020000000000000000,0.00048734,0.0118,-0,market_order,closed,,,1504289550
2026-08-29 13:00:20.075000+05:30 IST Asia/Kolkata,C-ETH-2450-290826,2,sell,0.000000000000000000/2.000000000000000000,,0.60000000,,0.020000000000000000,0,,,limit_order,cancelled,cancelled_by_user,,1504289450
2026-08-29 13:00:17.733867+05:30 IST Asia/Kolkata,P-BTC-76800-290826,2,sell,2.00000000/0.00000000,7.00000000,0.10000000,,0.00200000,0.0005782,0.014,-0,market_order,closed,,,1504289420
2026-08-29 13:00:16.935549+05:30 IST Asia/Kolkata,P-BTC-76800-290826,2,sell,0.00000000/2.00000000,,7.90000000,,0.00200000,0,,,limit_order,cancelled,cancelled_by_user,,1504289357
2026-08-29 13:00:14.094314+05:30 IST Asia/Kolkata,C-BTC-78200-290826,2,sell,2.00000000/0.00000000,3.80000000,0.10000000,,0.00200000,0.00031388,0.0076,-0,market_order,closed,,,1504289264
2026-08-29 13:00:13.332807+05:30 IST Asia/Kolkata,C-BTC-78200-290826,2,sell,0.00000000/2.00000000,,3.90000000,,0.00200000,0,,,limit_order,cancelled,cancelled_by_user,,1504289173
2026-08-29 00:48:37.323760+05:30 IST Asia/Kolkata,P-BTC-75200-290826,1,buy,1.00000000/0.00000000,8.00000000,174.80000000,,0.00100000,0.0003304,-0.008,0.03,market_order,closed,,,1503790765
2026-08-29 00:48:36.711380+05:30 IST Asia/Kolkata,P-BTC-75200-290826,1,buy,0.00000000/1.00000000,,6.30000000,,0.00100000,0,,,limit_order,cancelled,cancelled_by_user,,1503790752
2026-08-28 23:20:19.999171+05:30 IST Asia/Kolkata,C-BTC-80200-290826,1,buy,1.00000000/0.00000000,23.00000000,276.00000000,,0.00100000,0.0009499,-0.023,0.006,market_order,closed,,,1503647956
2026-08-28 23:20:19.169609+05:30 IST Asia/Kolkata,C-BTC-80200-290826,1,buy,0.00000000/1.00000000,,20.00000000,,0.00100000,0,,,limit_order,cancelled,cancelled_by_user,,1503647821
2026-08-28 22:30:13.072940+05:30 IST Asia/Kolkata,P-BTC-75200-290826,1,sell,1.00000000/0.00000000,38.00000000,0.10000000,,0.00100000,0.0015694,0.038,-0,market_order,closed,,,1503541947
2026-08-28 22:30:12.220705+05:30 IST Asia/Kolkata,P-BTC-75200-290826,1,sell,0.00000000/1.00000000,,42.00000000,,0.00100000,0,,,limit_order,cancelled,cancelled_by_user,,1503541801
2026-08-28 22:30:08.068693+05:30 IST Asia/Kolkata,C-BTC-80200-290826,1,sell,1.00000000/0.00000000,29.00000000,29.00000000,,0.00100000,0.0011977,0.029,-0,limit_order,closed,,,1503541582
2026-08-27 13:38:36.308715+05:30 IST Asia/Kolkata,P-BTC-78200-270826,1,buy,1.00000000/0.00000000,1.90000000,159.80000000,,0.00100000,0.00007847,-0.0019,0.0041,market_order,closed,,,1499959406
2026-08-27 13:38:35.551816+05:30 IST Asia/Kolkata,P-BTC-78200-270826,1,buy,0.00000000/1.00000000,,1.10000000,,0.00100000,0,,,limit_order,cancelled,cancelled_by_user,,1499959213
2026-08-27 13:38:32.178478+05:30 IST Asia/Kolkata,C-BTC-79800-270826,1,buy,1.00000000/0.00000000,120.00000000,120.00000000,,0.00100000,0.004956,-0.12,-0.095,limit_order,closed,,,1499958920
2026-08-27 13:34:13.296432+05:30 IST Asia/Kolkata,P-BTC-78000-270826,1,buy,1.00000000/0.00000000,3.30000000,159.40000000,,0.00100000,0.00013629,-0.0033,0.0088,market_order,closed,,,1499943365
2026-08-27 13:34:12.692413+05:30 IST Asia/Kolkata,P-BTC-78000-270826,1,buy,0.00000000/1.00000000,,2.80000000,,0.00100000,0,,,limit_order,cancelled,cancelled_by_user,,1499943152
2026-08-27 13:34:09.975701+05:30 IST Asia/Kolkata,C-BTC-79600-270826,1,buy,1.00000000/0.00000000,135.00000000,1555.30000000,,0.00100000,0.0055755,-0.135,-0.111,market_order,closed,,,1499943018
2026-08-27 13:34:09.124471+05:30 IST Asia/Kolkata,C-BTC-79600-270826,1,buy,0.00000000/1.00000000,,116.00000000,,0.00100000,0,,,limit_order,cancelled,cancelled_by_user,,1499942623
2026-08-27 13:33:23.939684+05:30 IST Asia/Kolkata,P-BTC-77800-270826,2,buy,2.00000000/0.00000000,0.90000000,159.10000000,,0.00200000,0.00007434,-0.0018,0.0302,market_order,closed,,,1499939597
2026-08-27 13:33:23.330827+05:30 IST Asia/Kolkata,P-BTC-77800-270826,2,buy,0.00000000/2.00000000,,0.50000000,,0.00200000,0,,,limit_order,cancelled,cancelled_by_user,,1499939400
2026-08-27 13:33:20.864218+05:30 IST Asia/Kolkata,C-BTC-79400-270826,2,buy,2.00000000/0.00000000,161.00000000,1465.20000000,,0.00200000,0.0132986,-0.322,-0.231,market_order,closed,,,1499939329
2026-08-27 13:33:20.226639+05:30 IST Asia/Kolkata,C-BTC-79400-270826,2,buy,0.00000000/2.00000000,,146.00000000,,0.00200000,0,,,limit_order,cancelled,cancelled_by_user,,1499939087
2026-08-27 13:30:06.902974+05:30 IST Asia/Kolkata,P-BTC-78200-270826,1,sell,1.00000000/0.00000000,6.00000000,6.00000000,,0.00100000,0.0002478,0.006,-0,limit_order,closed,,,1499930934
2026-08-27 13:30:05.745691+05:30 IST Asia/Kolkata,C-BTC-79800-270826,1,sell,1.00000000/0.00000000,25.00000000,0.10000000,,0.00100000,0.0010325,0.025,-0,market_order,closed,,,1499930850
2026-08-27 13:30:04.982597+05:30 IST Asia/Kolkata,C-BTC-79800-270826,1,sell,0.00000000/1.00000000,,26.00000000,,0.00100000,0,,,limit_order,cancelled,cancelled_by_user,,1499930686
2026-08-27 13:00:12.973045+05:30 IST Asia/Kolkata,P-BTC-78000-270826,1,sell,1.00000000/0.00000000,12.10000000,0.10000000,,0.00100000,0.00049973,0.0121,-0,market_order,closed,,,1499886813
2026-08-27 13:00:12.163702+05:30 IST Asia/Kolkata,P-BTC-78000-270826,1,sell,0.00000000/1.00000000,,14.00000000,,0.00100000,0,,,limit_order,cancelled,cancelled_by_user,,1499886697
2026-08-27 13:00:09.403056+05:30 IST Asia/Kolkata,C-BTC-79600-270826,1,sell,1.00000000/0.00000000,24.00000000,0.10000000,,0.00100000,0.0009912,0.024,-0,market_order,closed,,,1499886641
2026-08-27 13:00:08.661954+05:30 IST Asia/Kolkata,C-BTC-79600-270826,1,sell,0.00000000/1.00000000,,26.00000000,,0.00100000,0,,,limit_order,cancelled,cancelled_by_user,,1499886538
2026-08-27 12:01:01.391088+05:30 IST Asia/Kolkata,P-BTC-78000-270826,1,buy,1.00000000/0.00000000,20.00000000,573.90000000,,0.00100000,0.000826,-0.02,0.019,market_order,closed,,,1499816412
2026-08-27 12:01:00.820046+05:30 IST Asia/Kolkata,P-BTC-78000-270826,1,buy,0.00000000/1.00000000,,18.10000000,,0.00100000,0,,,limit_order,cancelled,cancelled_by_user,,1499816292
2026-08-27 12:00:58.218759+05:30 IST Asia/Kolkata,C-BTC-79600-270826,1,buy,1.00000000/0.00000000,33.00000000,506.10000000,,0.00100000,0.0013629,-0.033,0.017,market_order,closed,,,1499816217
2026-08-27 12:00:57.632011+05:30 IST Asia/Kolkata,C-BTC-79600-270826,1,buy,0.00000000/1.00000000,,33.00000000,,0.00100000,0,,,limit_order,cancelled,immediate_execution_post_only,,1499816142
2026-08-27 12:00:15.810702+05:30 IST Asia/Kolkata,P-BTC-77800-270826,1,sell,1.00000000/0.00000000,13.00000000,0.10000000,,0.00100000,0.0005369,0.013,0,market_order,closed,,,1499814953
2026-08-27 12:00:15.051902+05:30 IST Asia/Kolkata,P-BTC-77800-270826,1,sell,0.00000000/1.00000000,,15.00000000,,0.00100000,0,,,limit_order,cancelled,cancelled_by_user,,1499814840
2026-08-27 12:00:10.807505+05:30 IST Asia/Kolkata,C-BTC-79400-270826,1,sell,1.00000000/0.00000000,38.00000000,0.10000000,,0.00100000,0.0015694,0.038,0,market_order,closed,,,1499814719
2026-08-27 12:00:10.150016+05:30 IST Asia/Kolkata,C-BTC-79400-270826,1,sell,0.00000000/1.00000000,,40.00000000,,0.00100000,0,,,limit_order,cancelled,cancelled_by_user,,1499814622
2026-08-27 11:00:18.014737+05:30 IST Asia/Kolkata,P-BTC-77800-270826,1,sell,1.00000000/0.00000000,19.00000000,0.10000000,,0.00100000,0.0007847,0.019,-0,market_order,closed,,,1499719655
2026-08-27 11:00:17.256060+05:30 IST Asia/Kolkata,P-BTC-77800-270826,1,sell,0.00000000/1.00000000,,21.00000000,,0.00100000,0,,,limit_order,cancelled,cancelled_by_user,,1499719562
2026-08-27 11:00:13.870260+05:30 IST Asia/Kolkata,C-BTC-79400-270826,1,sell,1.00000000/0.00000000,53.00000000,0.10000000,,0.00100000,0.0021889,0.053,-0,market_order,closed,,,1499719441
2026-08-27 11:00:13.114549+05:30 IST Asia/Kolkata,C-BTC-79400-270826,1,sell,0.00000000/1.00000000,,55.00000000,,0.00100000,0,,,limit_order,cancelled,cancelled_by_user,,1499719336
2026-08-27 10:00:10.487485+05:30 IST Asia/Kolkata,P-BTC-78000-270826,1,sell,1.00000000/0.00000000,39.00000000,0.10000000,,0.00100000,0.0016107,0.039,-0,market_order,closed,,,1499628593
2026-08-27 10:00:09.776842+05:30 IST Asia/Kolkata,P-BTC-78000-270826,1,sell,0.00000000/1.00000000,,41.00000000,,0.00100000,0,,,limit_order,cancelled,cancelled_by_user,,1499628504
2026-08-27 10:00:07.401376+05:30 IST Asia/Kolkata,C-BTC-79600-270826,1,sell,1.00000000/0.00000000,50.00000000,0.10000000,,0.00100000,0.002065,0.05,-0,market_order,closed,,,1499628426
2026-08-27 10:00:06.614797+05:30 IST Asia/Kolkata,C-BTC-79600-270826,1,sell,0.00000000/1.00000000,,56.00000000,,0.00100000,0,,,limit_order,cancelled,cancelled_by_user,,1499628286
2026-08-27 06:30:11.327824+05:30 IST Asia/Kolkata,P-BTC-75600-270826,1,buy,1.00000000/0.00000000,2.00000000,158.40000000,,0.00100000,0.0000826,-0.002,0.017,market_order,closed,,,1499369416
2026-08-27 06:30:10.712918+05:30 IST Asia/Kolkata,P-BTC-75600-270826,1,buy,0.00000000/1.00000000,,1.10000000,,0.00100000,0,,,limit_order,cancelled,cancelled_by_user,,1499369328
2026-08-27 06:30:07.672934+05:30 IST Asia/Kolkata,C-BTC-80400-270826,1,buy,1.00000000/0.00000000,32.00000000,285.50000000,,0.00100000,0.0013216,-0.032,-0.01,market_order,closed,,,1499369251
2026-08-27 06:30:06.992646+05:30 IST Asia/Kolkata,C-BTC-80400-270826,1,buy,0.00000000/1.00000000,,30.20000000,,0.00100000,0,,,limit_order,cancelled,cancelled_by_user,,1499369153
2026-08-26 22:30:13.385252+05:30 IST Asia/Kolkata,P-BTC-75600-270826,1,sell,1.00000000/0.00000000,19.00000000,0.10000000,,0.00100000,0.0007847,0.019,-0,market_order,closed,,,1498941999
2026-08-26 22:30:12.581412+05:30 IST Asia/Kolkata,P-BTC-75600-270826,1,sell,0.00000000/1.00000000,,20.00000000,,0.00100000,0,,,limit_order,cancelled,immediate_execution_post_only,,1498941898
2026-08-26 22:30:11.442697+05:30 IST Asia/Kolkata,C-BTC-80400-270826,1,sell,1.00000000/0.00000000,22.00000000,0.10000000,,0.00100000,0.0009086,0.022,-0,market_order,closed,,,1498941784
2026-08-26 22:30:10.747893+05:30 IST Asia/Kolkata,C-BTC-80400-270826,1,sell,0.00000000/1.00000000,,24.00000000,,0.00100000,0,,,limit_order,cancelled,cancelled_by_user,,1498941639
2026-08-26 17:25:15.154926+05:30 IST Asia/Kolkata,P-ETH-2450-260826,3,buy,3.000000000000000000/0.000000000000000000,0.01000000,0.01000000,,0.030000000000000000,0.00001239,-0.0003,0.1657,limit_order,closed,,,1498188769
2026-08-26 17:25:13.203409+05:30 IST Asia/Kolkata,C-ETH-2450-260826,3,buy,3.000000000000000000/0.000000000000000000,13.20000000,62.75000000,,0.030000000000000000,0.00872731,-0.396,-0.2,market_order,closed,,,1498188677
2026-08-26 17:25:12.553866+05:30 IST Asia/Kolkata,C-ETH-2450-260826,3,buy,0.000000000000000000/3.000000000000000000,,12.70000000,,0.030000000000000000,0,,,limit_order,cancelled,cancelled_by_user,,1498188565
2026-08-26 16:20:57.362933+05:30 IST Asia/Kolkata,P-BTC-77800-260826,1,buy,1.00000000/0.00000000,0.50000000,158.00000000,,0.00100000,0.00002065,-0.0005,0.0046,market_order,closed,,,1498047369
2026-08-26 16:20:56.720365+05:30 IST Asia/Kolkata,P-BTC-77800-260826,1,buy,0.00000000/1.00000000,,0.40000000,,0.00100000,0,,,limit_order,cancelled,cancelled_by_user,,1498047231
2026-08-26 15:44:29.206890+05:30 IST Asia/Kolkata,P-BTC-78200-260826,1,buy,1.00000000/0.00000000,38.00000000,1486.40000000,,0.00100000,0.0015694,-0.038,0.005,market_order,closed,,,1497969529
2026-08-26 15:44:28.642463+05:30 IST Asia/Kolkata,P-BTC-78200-260826,1,buy,0.00000000/1.00000000,,33.00000000,,0.00100000,0,,,limit_order,cancelled,cancelled_by_user,,1497969418
2026-08-26 15:44:25.450064+05:30 IST Asia/Kolkata,C-BTC-79000-260826,2,buy,2.00000000/0.00000000,9.00000000,617.40000000,,0.00200000,0.0007434,-0.018,0.0163,market_order,closed,,,1497969323
2026-08-26 15:44:24.828341+05:30 IST Asia/Kolkata,C-BTC-79000-260826,2,buy,0.00000000/2.00000000,,6.20000000,,0.00200000,0,,,limit_order,cancelled,cancelled_by_user,,1497969183
2026-08-26 15:30:18.147943+05:30 IST Asia/Kolkata,P-ETH-2450-260826,1,sell,1.000000000000000000/0.000000000000000000,6.30000000,0.01000000,,0.010000000000000000,0.0026019,0.063,-0,market_order,closed,,,1497942317
2026-08-26 15:30:17.376997+05:30 IST Asia/Kolkata,P-ETH-2450-260826,1,sell,0.000000000000000000/1.000000000000000000,,6.60000000,,0.010000000000000000,0,,,limit_order,cancelled,cancelled_by_user,,1497942200
2026-08-26 15:30:14.243023+05:30 IST Asia/Kolkata,C-ETH-2450-260826,1,sell,1.000000000000000000/0.000000000000000000,4.20000000,0.01000000,,0.010000000000000000,0.0017346,0.042,0,market_order,closed,,,1497942083
2026-08-26 15:30:13.474228+05:30 IST Asia/Kolkata,C-ETH-2450-260826,1,sell,0.000000000000000000/1.000000000000000000,,4.50000000,,0.010000000000000000,0,,,limit_order,cancelled,cancelled_by_user,,1497941987
2026-08-26 15:30:10.314804+05:30 IST Asia/Kolkata,P-BTC-77800-260826,1,sell,1.00000000/0.00000000,5.10000000,0.10000000,,0.00100000,0.00021063,0.0051,-0,market_order,closed,,,1497941901
2026-08-26 15:30:09.548878+05:30 IST Asia/Kolkata,P-BTC-77800-260826,1,sell,0.00000000/1.00000000,,6.00000000,,0.00100000,0,,,limit_order,cancelled,cancelled_by_user,,1497941783
2026-08-26 15:30:06.507319+05:30 IST Asia/Kolkata,C-BTC-79000-260826,1,sell,1.00000000/0.00000000,13.20000000,0.10000000,,0.00100000,0.00054516,0.0132,0,market_order,closed,,,1497941683
2026-08-26 15:30:05.767533+05:30 IST Asia/Kolkata,C-BTC-79000-260826,1,sell,0.00000000/1.00000000,,17.80000000,,0.00100000,0,,,limit_order,cancelled,cancelled_by_user,,1497941544
2026-08-26 15:00:22.971038+05:30 IST Asia/Kolkata,P-ETH-2450-260826,1,sell,1.000000000000000000/0.000000000000000000,5.70000000,0.01000000,,0.010000000000000000,0.0023541,0.057,-0,market_order,closed,,,1497880607
2026-08-26 15:00:22.212237+05:30 IST Asia/Kolkata,P-ETH-2450-260826,1,sell,0.000000000000000000/1.000000000000000000,,6.10000000,,0.010000000000000000,0,,,limit_order,cancelled,cancelled_by_user,,1497880452
2026-08-26 15:00:19.030286+05:30 IST Asia/Kolkata,C-ETH-2450-260826,1,sell,1.000000000000000000/0.000000000000000000,6.10000000,0.01000000,,0.010000000000000000,0.0025193,0.061,0,market_order,closed,,,1497880375
2026-08-26 15:00:18.274168+05:30 IST Asia/Kolkata,C-ETH-2450-260826,1,sell,0.000000000000000000/1.000000000000000000,,6.40000000,,0.010000000000000000,0,,,limit_order,cancelled,cancelled_by_user,,1497880226
2026-08-26 15:00:14.808467+05:30 IST Asia/Kolkata,P-BTC-78200-260826,1,sell,1.00000000/0.00000000,43.00000000,0.10000000,,0.00100000,0.0017759,0.043,-0,market_order,closed,,,1497880112
2026-08-26 15:00:14.010595+05:30 IST Asia/Kolkata,P-BTC-78200-260826,1,sell,0.00000000/1.00000000,,55.00000000,,0.00100000,0,,,limit_order,cancelled,cancelled_by_user,,1497879973
2026-08-26 15:00:10.584054+05:30 IST Asia/Kolkata,C-BTC-79000-260826,1,sell,1.00000000/0.00000000,21.10000000,0.10000000,,0.00100000,0.00087143,0.0211,-0,market_order,closed,,,1497879863
2026-08-26 15:00:09.770584+05:30 IST Asia/Kolkata,C-BTC-79000-260826,1,sell,0.00000000/1.00000000,,30.00000000,,0.00100000,0,,,limit_order,cancelled,cancelled_by_user,,1497879684
2026-08-26 14:49:31.008250+05:30 IST Asia/Kolkata,P-BTC-77800-260826,1,buy,1.00000000/0.00000000,9.80000000,440.30000000,,0.00100000,0.00040474,-0.0098,-0.0084,market_order,closed,,,1497853971
2026-08-26 14:49:30.390497+05:30 IST Asia/Kolkata,P-BTC-77800-260826,1,buy,0.00000000/1.00000000,,5.20000000,,0.00100000,0,,,limit_order,cancelled,cancelled_by_user,,1497853795
2026-08-26 14:49:26.895924+05:30 IST Asia/Kolkata,C-BTC-79400-260826,1,buy,1.00000000/0.00000000,14.80000000,232.00000000,,0.00100000,0.00061124,-0.0148,-0.0057,market_order,closed,,,1497853635
2026-08-26 14:49:26.217239+05:30 IST Asia/Kolkata,C-BTC-79400-260826,1,buy,0.00000000/1.00000000,,2.20000000,,0.00100000,0,,,limit_order,cancelled,cancelled_by_user,,1497853475
2026-08-26 14:37:28.453412+05:30 IST Asia/Kolkata,C-BTC-79800-260826,1,buy,1.00000000/0.00000000,3.90000000,161.20000000,,0.00100000,0.00016107,-0.0039,0.0081,market_order,closed,,,1497828556
2026-08-26 14:37:27.845075+05:30 IST Asia/Kolkata,C-BTC-79800-260826,1,buy,0.00000000/1.00000000,,2.90000000,,0.00100000,0,,,limit_order,cancelled,cancelled_by_user,,1497828445
2026-08-26 14:30:20.391254+05:30 IST Asia/Kolkata,P-ETH-2450-260826,1,sell,1.000000000000000000/0.000000000000000000,4.60000000,4.60000000,,0.010000000000000000,0.0018998,0.046,-0,limit_order,closed,,,1497814496
2026-08-26 14:30:18.164420+05:30 IST Asia/Kolkata,C-ETH-2450-260826,1,sell,1.000000000000000000/0.000000000000000000,9.30000000,0.01000000,,0.010000000000000000,0.00289692,0.093,-0,market_order,closed,,,1497814405
2026-08-26 14:30:17.253458+05:30 IST Asia/Kolkata,C-ETH-2450-260826,1,sell,0.000000000000000000/1.000000000000000000,,10.10000000,,0.010000000000000000,0,,,limit_order,cancelled,cancelled_by_user,,1497814278
2026-08-26 14:30:14.211622+05:30 IST Asia/Kolkata,P-BTC-77800-260826,1,sell,1.00000000/0.00000000,1.40000000,0.10000000,,0.00100000,0.00005782,0.0014,-0,market_order,closed,,,1497814171
2026-08-26 14:30:13.450816+05:30 IST Asia/Kolkata,P-BTC-77800-260826,1,sell,0.00000000/1.00000000,,7.80000000,,0.00100000,0,,,limit_order,cancelled,cancelled_by_user,,1497814017
2026-08-26 14:30:10.233796+05:30 IST Asia/Kolkata,C-BTC-79400-260826,1,sell,1.00000000/0.00000000,9.10000000,0.10000000,,0.00100000,0.00037583,0.0091,-0,market_order,closed,,,1497813880
2026-08-26 14:30:09.481838+05:30 IST Asia/Kolkata,C-BTC-79400-260826,1,sell,0.00000000/1.00000000,,11.00000000,,0.00100000,0,,,limit_order,cancelled,cancelled_by_user,,1497813709
2026-08-26 14:05:06.513080+05:30 IST Asia/Kolkata,P-BTC-78200-260826,1,buy,1.00000000/0.00000000,10.00000000,342.40000000,,0.00100000,0.000413,-0.01,-0.0039,market_order,closed,,,1497775665
2026-08-26 14:05:05.945044+05:30 IST Asia/Kolkata,P-BTC-78200-260826,1,buy,0.00000000/1.00000000,,7.00000000,,0.00100000,0,,,limit_order,cancelled,cancelled_by_user,,1497775577
2026-08-26 14:05:02.778757+05:30 IST Asia/Kolkata,C-BTC-79600-260826,1,buy,1.00000000/0.00000000,19.00000000,565.70000000,,0.00100000,0.0007847,-0.019,0.009,market_order,closed,,,1497775483
2026-08-26 14:05:02.161386+05:30 IST Asia/Kolkata,C-BTC-79600-260826,1,buy,0.00000000/1.00000000,,17.00000000,,0.00100000,0,,,limit_order,cancelled,cancelled_by_user,,1497775354
2026-08-26 14:00:14.082842+05:30 IST Asia/Kolkata,P-BTC-78200-260826,1,sell,1.00000000/0.00000000,6.10000000,0.10000000,,0.00100000,0.00025193,0.0061,-0,market_order,closed,,,1497768392
2026-08-26 14:00:13.322447+05:30 IST Asia/Kolkata,P-BTC-78200-260826,1,sell,0.00000000/1.00000000,,8.00000000,,0.00100000,0,,,limit_order,cancelled,cancelled_by_user,,1497768275
2026-08-26 14:00:09.033064+05:30 IST Asia/Kolkata,C-BTC-79800-260826,1,sell,1.00000000/0.00000000,12.00000000,12.00000000,,0.00100000,0.0004956,0.012,-0,limit_order,closed,,,1497768146
2026-08-26 13:53:33.387712+05:30 IST Asia/Kolkata,P-BTC-78200-260826,2,buy,2.00000000/0.00000000,11.00000000,349.50000000,,0.00200000,0.0009086,-0.022,0.015,market_order,closed,,,1497759531
2026-08-26 13:53:32.771342+05:30 IST Asia/Kolkata,P-BTC-78200-260826,2,buy,0.00000000/2.00000000,,9.00000000,,0.00200000,0,,,limit_order,cancelled,cancelled_by_user,,1497759425
2026-08-26 13:53:30.129334+05:30 IST Asia/Kolkata,C-BTC-79800-260826,1,buy,1.00000000/0.00000000,13.00000000,354.50000000,,0.00100000,0.0005369,-0.013,0.007,market_order,closed,,,1497759380
2026-08-26 13:53:29.509013+05:30 IST Asia/Kolkata,C-BTC-79800-260826,1,buy,0.00000000/1.00000000,,11.00000000,,0.00100000,0,,,limit_order,cancelled,cancelled_by_user,,1497759266
2026-08-26 13:30:15.585423+05:30 IST Asia/Kolkata,P-BTC-78200-260826,1,sell,1.00000000/0.00000000,16.00000000,0.10000000,,0.00100000,0.0006608,0.016,0,market_order,closed,,,1497725234
2026-08-26 13:30:14.798519+05:30 IST Asia/Kolkata,P-BTC-78200-260826,1,sell,0.00000000/1.00000000,,19.00000000,,0.00100000,0,,,limit_order,cancelled,cancelled_by_user,,1497725127
2026-08-26 13:30:12.054511+05:30 IST Asia/Kolkata,C-BTC-79600-260826,1,sell,1.00000000/0.00000000,28.00000000,0.10000000,,0.00100000,0.0011564,0.028,-0,market_order,closed,,,1497725056
2026-08-26 13:30:11.141811+05:30 IST Asia/Kolkata,C-BTC-79600-260826,1,sell,0.00000000/1.00000000,,30.00000000,,0.00100000,0,,,limit_order,cancelled,cancelled_by_user,,1497724929
2026-08-26 13:25:28.113208+05:30 IST Asia/Kolkata,P-BTC-78000-260826,1,buy,1.00000000/0.00000000,14.50000000,218.90000000,,0.00100000,0.00059885,-0.0145,0.0055,market_order,closed,,,1497719632
2026-08-26 13:25:27.496488+05:30 IST Asia/Kolkata,P-BTC-78000-260826,1,buy,0.00000000/1.00000000,,10.40000000,,0.00100000,0,,,limit_order,cancelled,cancelled_by_user,,1497719546
2026-08-26 13:25:23.838816+05:30 IST Asia/Kolkata,C-BTC-79600-260826,1,buy,1.00000000/0.00000000,33.00000000,670.20000000,,0.00100000,0.0013629,-0.033,0.019,market_order,closed,,,1497719421
2026-08-26 13:25:23.208483+05:30 IST Asia/Kolkata,C-BTC-79600-260826,1,buy,0.00000000/1.00000000,,31.00000000,,0.00100000,0,,,limit_order,cancelled,cancelled_by_user,,1497719304
2026-08-26 13:00:11.784470+05:30 IST Asia/Kolkata,P-BTC-78200-260826,1,sell,1.00000000/0.00000000,21.00000000,21.00000000,,0.00100000,0.0008673,0.021,-0,limit_order,closed,,,1497691993
2026-08-26 13:00:08.877231+05:30 IST Asia/Kolkata,C-BTC-79800-260826,1,sell,1.00000000/0.00000000,20.00000000,0.10000000,,0.00100000,0.000826,0.02,-0,market_order,closed,,,1497691910
2026-08-26 13:00:08.135553+05:30 IST Asia/Kolkata,C-BTC-79800-260826,1,sell,0.00000000/1.00000000,,23.00000000,,0.00100000,0,,,limit_order,cancelled,cancelled_by_user,,1497691809
2026-08-26 12:00:14.176264+05:30 IST Asia/Kolkata,P-BTC-78000-260826,1,sell,1.00000000/0.00000000,20.00000000,0.10000000,,0.00100000,0.000826,0.02,-0,market_order,closed,,,1497614672
2026-08-26 12:00:13.509566+05:30 IST Asia/Kolkata,P-BTC-78000-260826,1,sell,0.00000000/1.00000000,,24.00000000,,0.00100000,0,,,limit_order,cancelled,cancelled_by_user,,1497614526
2026-08-26 12:00:10.648934+05:30 IST Asia/Kolkata,C-BTC-79600-260826,1,sell,1.00000000/0.00000000,52.00000000,0.10000000,,0.00100000,0.0021476,0.052,-0,market_order,closed,,,1497614419
2026-08-26 12:00:09.783280+05:30 IST Asia/Kolkata,C-BTC-79600-260826,1,sell,0.00000000/1.00000000,,54.00000000,,0.00100000,0,,,limit_order,cancelled,cancelled_by_user,,1497614305
2026-08-26 11:42:08.493846+05:30 IST Asia/Kolkata,P-BTC-78200-260826,2,buy,2.00000000/0.00000000,37.00000000,556.00000000,,0.00200000,0.0030562,-0.074,0.019,market_order,closed,,,1497581220
2026-08-26 11:42:07.869905+05:30 IST Asia/Kolkata,P-BTC-78200-260826,2,buy,0.00000000/2.00000000,,33.00000000,,0.00200000,0,,,limit_order,cancelled,cancelled_by_user,,1497581100
2026-08-26 11:42:04.413317+05:30 IST Asia/Kolkata,C-BTC-79800-260826,2,buy,2.00000000/0.00000000,49.00000000,638.20000000,,0.00200000,0.0040474,-0.098,0.035,market_order,closed,,,1497580995
2026-08-26 11:42:03.801497+05:30 IST Asia/Kolkata,C-BTC-79800-260826,2,buy,0.00000000/2.00000000,,48.00000000,,0.00200000,0,,,limit_order,cancelled,cancelled_by_user,,1497580857
2026-08-26 11:00:16.215743+05:30 IST Asia/Kolkata,P-BTC-78200-260826,1,sell,1.00000000/0.00000000,41.00000000,0.10000000,,0.00100000,0.0016933,0.041,0,market_order,closed,,,1497516433
2026-08-26 11:00:15.514142+05:30 IST Asia/Kolkata,P-BTC-78200-260826,1,sell,0.00000000/1.00000000,,43.00000000,,0.00100000,0,,,limit_order,cancelled,cancelled_by_user,,1497516315
2026-08-26 11:00:12.670376+05:30 IST Asia/Kolkata,C-BTC-79800-260826,1,sell,1.00000000/0.00000000,53.00000000,0.10000000,,0.00100000,0.0021889,0.053,0,market_order,closed,,,1497516220
2026-08-26 11:00:11.787942+05:30 IST Asia/Kolkata,C-BTC-79800-260826,1,sell,0.00000000/1.00000000,,58.00000000,,0.00100000,0,,,limit_order,cancelled,cancelled_by_user,,1497516077
2026-08-26 10:00:14.329779+05:30 IST Asia/Kolkata,P-BTC-78200-260826,1,sell,1.00000000/0.00000000,52.00000000,0.10000000,,0.00100000,0.0021476,0.052,-0,market_order,closed,,,1497415022
2026-08-26 10:00:13.536504+05:30 IST Asia/Kolkata,P-BTC-78200-260826,1,sell,0.00000000/1.00000000,,55.00000000,,0.00100000,0,,,limit_order,cancelled,cancelled_by_user,,1497414919
2026-08-26 10:00:10.844594+05:30 IST Asia/Kolkata,C-BTC-79800-260826,1,sell,1.00000000/0.00000000,80.00000000,0.10000000,,0.00100000,0.003304,0.08,-0,market_order,closed,,,1497414823
2026-08-26 10:00:10.142728+05:30 IST Asia/Kolkata,C-BTC-79800-260826,1,sell,0.00000000/1.00000000,,85.00000000,,0.00100000,0,,,limit_order,cancelled,cancelled_by_user,,1497414710
2026-08-26 04:21:28.032153+05:30 IST Asia/Kolkata,P-ETH-2400-260826,1,buy,1.000000000000000000/0.000000000000000000,3.40000000,17.41000000,,0.010000000000000000,0.0014042,-0.034,0.002,market_order,closed,,,1497040126
2026-08-26 04:21:27.454708+05:30 IST Asia/Kolkata,P-ETH-2400-260826,1,buy,0.000000000000000000/1.000000000000000000,,3.20000000,,0.010000000000000000,0,,,limit_order,cancelled,cancelled_by_user,,1497040067
2026-08-26 04:21:24.100212+05:30 IST Asia/Kolkata,C-ETH-2540-260826,1,buy,1.000000000000000000/0.000000000000000000,1.20000000,12.06000000,,0.010000000000000000,0.0004956,-0.012,0.032,market_order,closed,,,1497039985
2026-08-26 04:21:23.436853+05:30 IST Asia/Kolkata,C-ETH-2540-260826,1,buy,0.000000000000000000/1.000000000000000000,,1.00000000,,0.010000000000000000,0,,,limit_order,cancelled,cancelled_by_user,,1497039917
2026-08-26 03:58:02.736692+05:30 IST Asia/Kolkata,P-BTC-76800-260826,1,buy,1.00000000/0.00000000,46.00000000,376.70000000,,0.00100000,0.0018998,-0.046,-0.021,market_order,closed,,,1497028311
2026-08-26 03:58:02.130335+05:30 IST Asia/Kolkata,P-BTC-76800-260826,1,buy,0.00000000/1.00000000,,48.00000000,,0.00100000,0,,,limit_order,cancelled,immediate_execution_post_only,,1497028241
2026-08-26 03:58:00.748207+05:30 IST Asia/Kolkata,C-BTC-81600-260826,1,buy,1.00000000/0.00000000,19.00000000,287.60000000,,0.00100000,0.0007847,-0.019,0.054,market_order,closed,,,1497028167
2026-08-26 03:58:00.124689+05:30 IST Asia/Kolkata,C-BTC-81600-260826,1,buy,0.00000000/1.00000000,,17.00000000,,0.00100000,0,,,limit_order,cancelled,cancelled_by_user,,1497028086
2026-08-25 22:30:18.255654+05:30 IST Asia/Kolkata,P-ETH-2400-260826,1,sell,1.000000000000000000/0.000000000000000000,3.60000000,0.01000000,,0.010000000000000000,0.0014868,0.036,-0,market_order,closed,,,1496610606
2026-08-25 22:30:17.419742+05:30 IST Asia/Kolkata,P-ETH-2400-260826,1,sell,0.000000000000000000/1.000000000000000000,,3.90000000,,0.010000000000000000,0,,,limit_order,cancelled,cancelled_by_user,,1496610432
2026-08-25 22:30:14.955979+05:30 IST Asia/Kolkata,C-ETH-2540-260826,1,sell,1.000000000000000000/0.000000000000000000,4.40000000,0.01000000,,0.010000000000000000,0.0018172,0.044,-0,market_order,closed,,,1496610367
2026-08-25 22:30:14.288835+05:30 IST Asia/Kolkata,C-ETH-2540-260826,1,sell,0.000000000000000000/1.000000000000000000,,4.70000000,,0.010000000000000000,0,,,limit_order,cancelled,cancelled_by_user,,1496610238
2026-08-25 22:30:11.092492+05:30 IST Asia/Kolkata,P-BTC-76800-260826,1,sell,1.00000000/0.00000000,25.00000000,0.10000000,,0.00100000,0.0010325,0.025,-0,market_order,closed,,,1496610091
2026-08-25 22:30:10.313293+05:30 IST Asia/Kolkata,P-BTC-76800-260826,1,sell,0.00000000/1.00000000,,28.00000000,,0.00100000,0,,,limit_order,cancelled,cancelled_by_user,,1496609977
2026-08-25 22:30:07.699671+05:30 IST Asia/Kolkata,C-BTC-81600-260826,1,sell,1.00000000/0.00000000,73.00000000,0.10000000,,0.00100000,0.0030149,0.073,-0,market_order,closed,,,1496609906
2026-08-25 22:30:06.903163+05:30 IST Asia/Kolkata,C-BTC-81600-260826,1,sell,0.00000000/1.00000000,,78.00000000,,0.00100000,0,,,limit_order,cancelled,cancelled_by_user,,1496609742
2026-08-25 17:25:07.595229+05:30 IST Asia/Kolkata,P-ETH-2500-250826,1,buy,1.000000000000000000/0.000000000000000000,19.80000000,69.41000000,,0.010000000000000000,0.00292445,-0.198,-0.012,market_order,closed,,,1495792982
2026-08-25 17:25:06.976465+05:30 IST Asia/Kolkata,P-ETH-2500-250826,1,buy,0.000000000000000000/1.000000000000000000,,19.20000000,,0.010000000000000000,0,,,limit_order,cancelled,cancelled_by_user,,1495792838
2026-08-25 17:25:04.185645+05:30 IST Asia/Kolkata,C-ETH-2500-250826,1,buy,1.000000000000000000/0.000000000000000000,0.03000000,4.96000000,,0.010000000000000000,0.00001239,-0.0003,0.0298,market_order,closed,,,1495792740
2026-08-25 17:25:03.535875+05:30 IST Asia/Kolkata,C-ETH-2500-250826,1,buy,0.000000000000000000/1.000000000000000000,,0.01000000,,0.010000000000000000,0,,,limit_order,cancelled,cancelled_by_user,,1495792547
2026-08-25 17:05:44.504092+05:30 IST Asia/Kolkata,C-BTC-80200-250826,1,buy,1.00000000/0.00000000,0.60000000,159.10000000,,0.00100000,0.00002478,-0.0006,0.1054,market_order,closed,,,1495741065
2026-08-25 17:05:43.825856+05:30 IST Asia/Kolkata,C-BTC-80200-250826,1,buy,0.00000000/1.00000000,,0.10000000,,0.00100000,0,,,limit_order,cancelled,cancelled_by_user,,1495740945
2026-08-25 15:59:10.970095+05:30 IST Asia/Kolkata,P-BTC-78600-250826,1,buy,1.00000000/0.00000000,10.00000000,435.30000000,,0.00100000,0.000413,-0.01,0.017,market_order,closed,,,1495613621
2026-08-25 15:59:10.342487+05:30 IST Asia/Kolkata,P-BTC-78600-250826,1,buy,0.00000000/1.00000000,,9.20000000,,0.00100000,0,,,limit_order,cancelled,cancelled_by_user,,1495613526
2026-08-25 15:59:06.762643+05:30 IST Asia/Kolkata,C-BTC-79800-250826,1,buy,1.00000000/0.00000000,33.00000000,805.50000000,,0.00100000,0.0013629,-0.033,0.006,market_order,closed,,,1495613414
2026-08-25 15:59:06.095345+05:30 IST Asia/Kolkata,C-BTC-79800-250826,1,buy,0.00000000/1.00000000,,29.00000000,,0.00100000,0,,,limit_order,cancelled,cancelled_by_user,,1495613320
2026-08-25 15:30:12.541535+05:30 IST Asia/Kolkata,P-BTC-78600-250826,1,sell,1.00000000/0.00000000,27.00000000,0.10000000,,0.00100000,0.0011151,0.027,-0,market_order,closed,,,1495553770
2026-08-25 15:30:11.873714+05:30 IST Asia/Kolkata,P-BTC-78600-250826,1,sell,0.00000000/1.00000000,,32.00000000,,0.00100000,0,,,limit_order,cancelled,cancelled_by_user,,1495553629
2026-08-25 15:30:09.013898+05:30 IST Asia/Kolkata,C-BTC-79800-250826,1,sell,1.00000000/0.00000000,39.00000000,0.10000000,,0.00100000,0.0016107,0.039,-0,market_order,closed,,,1495553515
2026-08-25 15:30:08.252111+05:30 IST Asia/Kolkata,C-BTC-79800-250826,1,sell,0.00000000/1.00000000,,47.00000000,,0.00100000,0,,,limit_order,cancelled,cancelled_by_user,,1495553323
2026-08-25 15:22:25.963075+05:30 IST Asia/Kolkata,P-BTC-79400-250826,2,buy,2.00000000/0.00000000,333.00000000,2285.20000000,,0.00200000,0.01869215,-0.666,-0.557,market_order,closed,,,1495527968
2026-08-25 15:22:25.294121+05:30 IST Asia/Kolkata,P-BTC-79400-250826,2,buy,0.00000000/2.00000000,,310.00000000,,0.00200000,0,,,limit_order,cancelled,cancelled_by_user,,1495527766
2026-08-25 15:22:21.847555+05:30 IST Asia/Kolkata,C-BTC-81000-250826,1,buy,1.00000000/0.00000000,2.00000000,159.00000000,,0.00100000,0.0000826,-0.002,0.068,market_order,closed,,,1495527569
2026-08-25 15:22:21.234037+05:30 IST Asia/Kolkata,C-BTC-81000-250826,1,buy,0.00000000/1.00000000,,1.80000000,,0.00100000,0,,,limit_order,cancelled,cancelled_by_user,,1495527365
2026-08-25 15:14:11.981234+05:30 IST Asia/Kolkata,P-BTC-79200-250826,1,buy,1.00000000/0.00000000,33.00000000,726.00000000,,0.00100000,0.0013629,-0.033,0.001,market_order,closed,,,1495507038
2026-08-25 15:14:11.372910+05:30 IST Asia/Kolkata,P-BTC-79200-250826,1,buy,0.00000000/1.00000000,,32.00000000,,0.00100000,0,,,limit_order,cancelled,cancelled_by_user,,1495506958
2026-08-25 15:14:08.903626+05:30 IST Asia/Kolkata,C-BTC-80800-250826,1,buy,1.00000000/0.00000000,15.00000000,291.80000000,,0.00100000,0.0006195,-0.015,0.025,market_order,closed,,,1495506901
2026-08-25 15:14:08.291181+05:30 IST Asia/Kolkata,C-BTC-80800-250826,1,buy,0.00000000/1.00000000,,12.00000000,,0.00100000,0,,,limit_order,cancelled,cancelled_by_user,,1495506783
2026-08-25 15:00:12.917404+05:30 IST Asia/Kolkata,P-BTC-79400-250826,1,sell,1.00000000/0.00000000,66.00000000,0.10000000,,0.00100000,0.0027258,0.066,-0,market_order,closed,,,1495488741
2026-08-25 15:00:12.157028+05:30 IST Asia/Kolkata,P-BTC-79400-250826,1,sell,0.00000000/1.00000000,,70.00000000,,0.00100000,0,,,limit_order,cancelled,cancelled_by_user,,1495488632
2026-08-25 15:00:08.920440+05:30 IST Asia/Kolkata,C-BTC-80200-250826,1,sell,1.00000000/0.00000000,106.00000000,0.10000000,,0.00100000,0.0043778,0.106,-0,market_order,closed,,,1495488527
2026-08-25 15:00:08.168753+05:30 IST Asia/Kolkata,C-BTC-80200-250826,1,sell,0.00000000/1.00000000,,110.00000000,,0.00100000,0,,,limit_order,cancelled,cancelled_by_user,,1495488416
2026-08-25 14:34:30.238065+05:30 IST Asia/Kolkata,P-BTC-78800-250826,1,buy,1.00000000/0.00000000,17.00000000,348.40000000,,0.00100000,0.0007021,-0.017,0.036,market_order,closed,,,1495449639
2026-08-25 14:34:29.614872+05:30 IST Asia/Kolkata,P-BTC-78800-250826,1,buy,0.00000000/1.00000000,,16.00000000,,0.00100000,0,,,limit_order,cancelled,cancelled_by_user,,1495449528
2026-08-25 14:34:26.624643+05:30 IST Asia/Kolkata,C-BTC-80400-250826,1,buy,1.00000000/0.00000000,62.00000000,869.50000000,,0.00100000,0.0025606,-0.062,0.034,market_order,closed,,,1495449445
2026-08-25 14:34:25.995257+05:30 IST Asia/Kolkata,C-BTC-80400-250826,1,buy,0.00000000/1.00000000,,58.00000000,,0.00100000,0,,,limit_order,cancelled,cancelled_by_user,,1495449315
2026-08-25 14:30:21.088672+05:30 IST Asia/Kolkata,P-ETH-2500-250826,1,sell,1.000000000000000000/0.000000000000000000,18.60000000,0.01000000,,0.010000000000000000,0.00293092,0.186,-0,market_order,closed,,,1495442012
2026-08-25 14:30:20.319477+05:30 IST Asia/Kolkata,P-ETH-2500-250826,1,sell,0.000000000000000000/1.000000000000000000,,19.10000000,,0.010000000000000000,0,,,limit_order,cancelled,cancelled_by_user,,1495441904
2026-08-25 14:30:17.112575+05:30 IST Asia/Kolkata,C-ETH-2500-250826,1,sell,1.000000000000000000/0.000000000000000000,3.01000000,0.01000000,,0.010000000000000000,0.00124313,0.0301,-0,market_order,closed,,,1495441811
2026-08-25 14:30:16.403103+05:30 IST Asia/Kolkata,C-ETH-2500-250826,1,sell,0.000000000000000000/1.000000000000000000,,4.80000000,,0.010000000000000000,0,,,limit_order,cancelled,cancelled_by_user,,1495441704
2026-08-25 14:30:13.415932+05:30 IST Asia/Kolkata,P-BTC-79200-250826,1,sell,1.00000000/0.00000000,34.00000000,0.10000000,,0.00100000,0.0014042,0.034,-0,market_order,closed,,,1495441614
2026-08-25 14:30:12.636424+05:30 IST Asia/Kolkata,P-BTC-79200-250826,1,sell,0.00000000/1.00000000,,34.00000000,,0.00100000,0,,,limit_order,cancelled,immediate_execution_post_only,,1495441547
2026-08-25 14:30:11.286844+05:30 IST Asia/Kolkata,C-BTC-80800-250826,1,sell,1.00000000/0.00000000,40.00000000,0.10000000,,0.00100000,0.001652,0.04,-0,market_order,closed,,,1495441449
2026-08-25 14:30:10.262191+05:30 IST Asia/Kolkata,C-BTC-80800-250826,1,sell,0.00000000/1.00000000,,43.00000000,,0.00100000,0,,,limit_order,cancelled,cancelled_by_user,,1495441308
2026-08-25 14:00:12.715549+05:30 IST Asia/Kolkata,P-BTC-79400-250826,1,sell,1.00000000/0.00000000,43.00000000,0.10000000,,0.00100000,0.0017759,0.043,-0,market_order,closed,,,1495384419
2026-08-25 14:00:11.859162+05:30 IST Asia/Kolkata,P-BTC-79400-250826,1,sell,0.00000000/1.00000000,,46.00000000,,0.00100000,0,,,limit_order,cancelled,cancelled_by_user,,1495384289
2026-08-25 14:00:08.338434+05:30 IST Asia/Kolkata,C-BTC-81000-250826,1,sell,1.00000000/0.00000000,70.00000000,0.10000000,,0.00100000,0.002891,0.07,-0,market_order,closed,,,1495384162
2026-08-25 14:00:07.591399+05:30 IST Asia/Kolkata,C-BTC-81000-250826,1,sell,0.00000000/1.00000000,,74.00000000,,0.00100000,0,,,limit_order,cancelled,cancelled_by_user,,1495384029
2026-08-25 13:31:28.265189+05:30 IST Asia/Kolkata,P-BTC-78800-250826,1,sell,1.00000000/0.00000000,53.00000000,0.10000000,,0.00100000,0.0021889,0.053,-0,market_order,closed,,,1495315239
2026-08-25 13:31:27.539114+05:30 IST Asia/Kolkata,P-BTC-78800-250826,1,sell,0.00000000/1.00000000,,54.00000000,,0.00100000,0,,,limit_order,cancelled,cancelled_by_user,,1495315049
2026-08-25 13:31:24.350807+05:30 IST Asia/Kolkata,C-BTC-80400-250826,1,sell,1.00000000/0.00000000,96.00000000,0.10000000,,0.00100000,0.0039648,0.096,-0,market_order,closed,,,1495314880
2026-08-25 13:31:23.373162+05:30 IST Asia/Kolkata,C-BTC-80400-250826,1,sell,0.00000000/1.00000000,,108.00000000,,0.00100000,0,,,limit_order,cancelled,cancelled_by_user,,1495314644
2026-08-21 06:58:39.371444+05:30 IST Asia/Kolkata,P-BTC-71800-210826,96,buy,96.00000000/0.00000000,29.00000000,348.50000000,,0.09600000,0.1149792,-2.784,14.208,market_order,closed,,,1484686900
2026-08-21 06:58:38.755134+05:30 IST Asia/Kolkata,P-BTC-71800-210826,96,buy,0.00000000/96.00000000,,24.00000000,,0.09600000,0,,,limit_order,cancelled,cancelled_by_user,,1484686834
2026-08-21 06:48:35.822945+05:30 IST Asia/Kolkata,C-BTC-74000-210826,96,buy,96.00000000/0.00000000,999.00000000,2014.30000000,,0.09600000,0.84673515,-95.904,-75.264,market_order,closed,,,1484666028
2026-08-21 06:48:35.211309+05:30 IST Asia/Kolkata,C-BTC-74000-210826,96,buy,0.00000000/96.00000000,,962.00000000,,0.09600000,0,,,limit_order,cancelled,cancelled_by_user,,1484665662
2026-08-20 22:30:16.323180+05:30 IST Asia/Kolkata,P-BTC-71800-210826,96,sell,96.00000000/0.00000000,177.00000000,0.10000000,,0.09600000,0.7017696,16.992,-0,market_order,closed,,,1484085239
2026-08-20 22:30:15.532578+05:30 IST Asia/Kolkata,P-BTC-71800-210826,96,sell,0.00000000/96.00000000,,182.00000000,,0.09600000,0,,,limit_order,cancelled,cancelled_by_user,,1484085067
2026-08-20 22:30:12.839347+05:30 IST Asia/Kolkata,C-BTC-74000-210826,96,sell,96.00000000/0.00000000,215.00000000,0.10000000,,0.09600000,0.8244745,20.64,-0,market_order,closed,,,1484084944
2026-08-20 22:30:12.160591+05:30 IST Asia/Kolkata,C-BTC-74000-210826,96,sell,0.00000000/96.00000000,,227.00000000,,0.09600000,0,,,limit_order,cancelled,cancelled_by_user,,1484084738
2026-08-20 13:27:21.488600+05:30 IST Asia/Kolkata,C-BTC-69400-200826,94,buy,94.00000000/0.00000000,408.00000000,2122.50000000,,0.09400000,0.77361598,-38.352,6.862,market_order,closed,,,1482586149
2026-08-20 13:27:20.878412+05:30 IST Asia/Kolkata,C-BTC-69400-200826,94,buy,0.00000000/94.00000000,,397.00000000,,0.09400000,0,,,limit_order,cancelled,cancelled_by_user,,1482586101
2026-08-20 13:27:18.700958+05:30 IST Asia/Kolkata,P-BTC-69000-200826,94,buy,94.00000000/0.00000000,27.00000000,397.50000000,,0.09400000,0.1048194,-2.538,-1.0246,market_order,closed,,,1482586087
2026-08-20 13:27:18.086113+05:30 IST Asia/Kolkata,P-BTC-69000-200826,94,buy,0.00000000/94.00000000,,21.10000000,,0.09400000,0,,,limit_order,cancelled,cancelled_by_user,,1482586031
2026-08-20 13:27:15.908372+05:30 IST Asia/Kolkata,C-BTC-70400-200826,94,buy,94.00000000/0.00000000,25.00000000,484.80000000,,0.09400000,0.097055,-2.35,1.974,market_order,closed,,,1482586021
2026-08-20 13:27:15.311745+05:30 IST Asia/Kolkata,C-BTC-70400-200826,94,buy,0.00000000/94.00000000,,22.00000000,,0.09400000,0,,,limit_order,cancelled,cancelled_by_user,,1482585984
2026-08-20 13:27:13.114908+05:30 IST Asia/Kolkata,P-BTC-67400-200826,94,buy,94.00000000/0.00000000,1.00000000,140.00000000,,0.09400000,0.0038822,-0.094,-0.0658,market_order,closed,,,1482585967
2026-08-20 13:27:12.499541+05:30 IST Asia/Kolkata,P-BTC-67400-200826,94,buy,0.00000000/94.00000000,,0.40000000,,0.09400000,0,,,limit_order,cancelled,cancelled_by_user,,1482585918
2026-08-20 12:26:17.746525+05:30 IST Asia/Kolkata,P-BTC-69000-200826,94,sell,94.00000000/0.00000000,16.10000000,0.10000000,,0.09400000,0.06250342,1.5134,-0,market_order,closed,,,1482486849
2026-08-20 12:26:17.000059+05:30 IST Asia/Kolkata,P-BTC-69000-200826,94,sell,0.00000000/94.00000000,,18.00000000,,0.09400000,0,,,limit_order,cancelled,cancelled_by_user,,1482486738
2026-08-20 12:26:14.565427+05:30 IST Asia/Kolkata,C-BTC-70400-200826,94,sell,94.00000000/0.00000000,46.00000000,0.10000000,,0.09400000,0.1785812,4.324,-0,market_order,closed,,,1482486697
2026-08-20 12:26:13.744724+05:30 IST Asia/Kolkata,C-BTC-70400-200826,94,sell,0.00000000/94.00000000,,50.00000000,,0.09400000,0,,,limit_order,cancelled,cancelled_by_user,,1482486604
2026-08-20 12:26:11.418005+05:30 IST Asia/Kolkata,P-BTC-67400-200826,94,sell,94.00000000/0.00000000,0.30000000,0.10000000,,0.09400000,0.00116466,0.0282,-0,market_order,closed,,,1482486569
2026-08-20 12:26:10.604481+05:30 IST Asia/Kolkata,P-BTC-67400-200826,94,sell,0.00000000/94.00000000,,0.80000000,,0.09400000,0,,,limit_order,cancelled,cancelled_by_user,,1482486446
2026-08-20 12:26:08.013198+05:30 IST Asia/Kolkata,C-BTC-69400-200826,94,sell,94.00000000/0.00000000,481.00000000,0.10000000,,0.09400000,0.77455436,45.214,-0,market_order,closed,,,1482486382
2026-08-20 12:26:07.220755+05:30 IST Asia/Kolkata,C-BTC-69400-200826,94,sell,0.00000000/94.00000000,,487.00000000,,0.09400000,0,,,limit_order,cancelled,cancelled_by_user,,1482486287
2026-08-19 16:19:46.822044+05:30 IST Asia/Kolkata,C-BTC-64600-190826,47,buy,47.00000000/0.00000000,11.90000000,1215.00000000,,0.04700000,0.02309909,-0.5593,1.5604,market_order,closed,,,1480155055
2026-08-19 16:19:46.189268+05:30 IST Asia/Kolkata,C-BTC-64600-190826,47,buy,0.00000000/47.00000000,,5.20000000,,0.04700000,0,,,limit_order,cancelled,cancelled_by_user,,1480154988
2026-08-19 13:17:44.593646+05:30 IST Asia/Kolkata,P-BTC-63800-190826,47,buy,47.00000000/0.00000000,4.70000000,386.40000000,,0.04700000,0.00912317,-0.2209,0.4371,market_order,closed,,,1479930704
2026-08-19 13:17:44.029568+05:30 IST Asia/Kolkata,P-BTC-63800-190826,47,buy,0.00000000/47.00000000,,1.40000000,,0.04700000,0,,,limit_order,cancelled,cancelled_by_user,,1479930642
2026-08-19 11:18:59.456741+05:30 IST Asia/Kolkata,P-BTC-64200-190826,47,buy,47.00000000/0.00000000,89.00000000,1476.50000000,,0.04700000,0.1727579,-4.183,-1.5933,market_order,closed,,,1479771939
2026-08-19 11:18:58.816249+05:30 IST Asia/Kolkata,P-BTC-64200-190826,47,buy,0.00000000/47.00000000,,68.20000000,,0.04700000,0,,,limit_order,cancelled,cancelled_by_user,,1479771865
2026-08-19 11:00:18.262591+05:30 IST Asia/Kolkata,P-BTC-64200-190826,47,sell,47.00000000/0.00000000,55.10000000,0.10000000,,0.04700000,0.10695461,2.5897,-0,market_order,closed,,,1479753581
2026-08-19 11:00:17.473544+05:30 IST Asia/Kolkata,P-BTC-64200-190826,47,sell,0.00000000/47.00000000,,74.00000000,,0.04700000,0,,,limit_order,cancelled,cancelled_by_user,,1479753474
2026-08-19 11:00:14.580749+05:30 IST Asia/Kolkata,C-BTC-64600-190826,47,sell,47.00000000/0.00000000,45.10000000,0.10000000,,0.04700000,0.08754361,2.1197,-0,market_order,closed,,,1479753411
2026-08-19 11:00:13.834006+05:30 IST Asia/Kolkata,C-BTC-64600-190826,47,sell,0.00000000/47.00000000,,54.90000000,,0.04700000,0,,,limit_order,cancelled,cancelled_by_user,,1479753315
2026-08-19 06:23:15.219786+05:30 IST Asia/Kolkata,C-BTC-65800-190826,47,buy,47.00000000/0.00000000,3.00000000,130.80000000,,0.04700000,0.0058233,-0.141,0.752,market_order,closed,,,1479487064
2026-08-19 06:23:14.565181+05:30 IST Asia/Kolkata,C-BTC-65800-190826,47,buy,0.00000000/47.00000000,,1.70000000,,0.04700000,0,,,limit_order,cancelled,cancelled_by_user,,1479487009
2026-08-18 22:30:14.943471+05:30 IST Asia/Kolkata,P-BTC-63800-190826,47,sell,47.00000000/0.00000000,14.00000000,0.10000000,,0.04700000,0.0271754,0.658,-0,market_order,closed,,,1479180594
2026-08-18 22:30:14.187732+05:30 IST Asia/Kolkata,P-BTC-63800-190826,47,sell,0.00000000/47.00000000,,16.00000000,,0.04700000,0,,,limit_order,cancelled,cancelled_by_user,,1479180518
2026-08-18 22:30:11.402868+05:30 IST Asia/Kolkata,C-BTC-65800-190826,47,sell,47.00000000/0.00000000,19.00000000,0.10000000,,0.04700000,0.0368809,0.893,-0,market_order,closed,,,1479180421
2026-08-18 22:30:10.635808+05:30 IST Asia/Kolkata,C-BTC-65800-190826,47,sell,0.00000000/47.00000000,,21.00000000,,0.04700000,0,,,limit_order,cancelled,cancelled_by_user,,1479180309
2026-08-18 12:00:54.461203+05:30 IST Asia/Kolkata,C-BTC-64600-180826,47,buy,47.00000000/0.00000000,40.00000000,1182.60000000,,0.04700000,0.077644,-1.88,-0.846,market_order,closed,,,1478043486
2026-08-18 12:00:53.891507+05:30 IST Asia/Kolkata,C-BTC-64600-180826,47,buy,0.00000000/47.00000000,,37.00000000,,0.04700000,0,,,limit_order,cancelled,cancelled_by_user,,1478043388
2026-08-18 11:03:42.757614+05:30 IST Asia/Kolkata,P-BTC-64000-180826,47,buy,47.00000000/0.00000000,49.00000000,1211.40000000,,0.04700000,0.0951139,-2.303,-0.423,market_order,closed,,,1477960462
2026-08-18 11:03:42.139016+05:30 IST Asia/Kolkata,P-BTC-64000-180826,47,buy,0.00000000/47.00000000,,47.00000000,,0.04700000,0,,,limit_order,cancelled,cancelled_by_user,,1477960403
2026-08-18 11:00:14.620877+05:30 IST Asia/Kolkata,P-BTC-64000-180826,47,sell,47.00000000/0.00000000,40.00000000,0.10000000,,0.04700000,0.077644,1.88,-0,market_order,closed,,,1477955490
2026-08-18 11:00:13.833779+05:30 IST Asia/Kolkata,P-BTC-64000-180826,47,sell,0.00000000/47.00000000,,43.00000000,,0.04700000,0,,,limit_order,cancelled,cancelled_by_user,,1477955405
2026-08-18 11:00:11.372571+05:30 IST Asia/Kolkata,C-BTC-64600-180826,47,sell,47.00000000/0.00000000,22.00000000,0.10000000,,0.04700000,0.0427042,1.034,-0,market_order,closed,,,1477955347
2026-08-18 11:00:10.543090+05:30 IST Asia/Kolkata,C-BTC-64600-180826,47,sell,0.00000000/47.00000000,,24.00000000,,0.04700000,0,,,limit_order,cancelled,cancelled_by_user,,1477955271
